Date,Open,High,Low,Close,Volume,Dividends,Stock Splits,Capital Gains
2023-05-29,11.507109642028809,11.507109642028809,11.507109642028809,11.507109642028809,0,0.0,0.0,0.0
2023-05-30,11.507109642028809,11.507109642028809,11.507109642028809,11.507109642028809,0,0.0,0.0,0.0
2023-05-31,11.507109642028809,11.507109642028809,11.507109642028809,11.507109642028809,0,0.0,0.0,0.0
2023-06-01,11.49943733215332,11.49943733215332,11.49943733215332,11.49943733215332,0,0.0,0.0,0.0
2023-06-02,11.545466423034668,11.545466423034668,11.545466423034668,11.545466423034668,0,0.0,0.0,0.0
2023-06-05,11.545466423034668,11.545466423034668,11.545466423034668,11.545466423034668,0,0.0,0.0,0.0
2023-06-06,11.545466807687541,11.622180432921274,11.545466807687541,11.614509582519531,30502000,0.0,0.0,0.0
2023-06-07,11.660537930044395,11.760266304016113,11.652866347830644,11.760266304016113,15679500,0.0,0.0,0.0
2023-06-08,11.760267001083305,11.760267001083305,11.606839005725877,11.637524604797363,13244650,0.0,0.0,0.0
2023-06-09,11.714237719087867,11.72958015118632,11.698894555387103,11.721908569335938,6175100,0.0,0.0,0.0
2023-06-12,11.798623537116878,11.798623537116878,11.752594775227482,11.783280372619629,5857557,0.0,0.0,0.0
2023-06-13,11.913696206232249,12.005753012794731,11.898353770939734,11.998082160949707,7130628,0.0,0.0,0.0
2023-06-14,12.013422238069529,12.028765401952723,11.982736641905458,12.00575065612793,5334093,0.0,0.0,0.0
2023-06-15,12.044107939193545,12.05945110321045,12.005750760753607,12.05945110321045,4328418,0.0,0.0,0.0
2023-06-16,12.044107552857591,12.044107552857591,11.921365171068834,11.990407943725586,5389509,0.0,0.0,0.0
2023-06-19,11.990410577502217,12.06712421716972,11.967396558762212,11.998082160949707,3589001,0.0,0.0,0.0
2023-06-20,11.998079136170597,12.036435580533254,11.898350771302672,11.921364784240723,4517793,0.0,0.0,0.0
2023-06-21,11.875335693359375,11.883007274657437,11.790950493887472,11.875335693359375,4616475,0.0,0.0,0.0
2023-06-26,11.829307894896072,11.829307894896072,11.721907949477004,11.767936706542969,3160114,0.0,0.0,0.0
2023-06-27,11.752593883729162,11.78327947879364,11.683551111933514,11.706565856933594,3527490,0.0,0.0,0.0
2023-06-28,11.76026552074601,11.76026552074601,11.714237493733808,11.72957992553711,3044100,0.0,0.0,0.0
2023-06-29,11.790951620595925,11.867665977702623,11.737252009582635,11.74492359161377,4406776,0.0,0.0,0.0
2023-06-30,11.721908514573741,11.721908514573741,11.622180145791614,11.698894500732422,6162403,0.0,0.0,0.0
2023-07-03,11.737252288977208,11.783280319055018,11.737252288977208,11.760266304016113,2357500,0.0,0.0,0.0
2023-07-04,11.783281926699186,11.852324712838055,11.760267908520378,11.844653129577637,4719382,0.0,0.0,0.0
2023-07-05,11.890678235851096,11.906021397647066,11.790949878983948,11.813963890075684,12780927,0.0,0.0,0.0
2023-07-06,11.783279199149101,11.783279199149101,11.660536821804154,11.683550834655762,8165547,0.0,0.0,0.0
2023-07-07,11.660538239513643,11.660538239513643,11.545467429662807,11.5684814453125,9644499,0.0,0.0,0.0
2023-07-10,11.61450942261337,11.637523436706404,11.522452634638912,11.537795066833496,6455804,0.0,0.0,0.0
2023-07-11,11.652867816914544,11.683553418035752,11.622182215793336,11.668210983276367,2871540,0.0,0.0,0.0
2023-07-12,11.668210082042835,11.70656726338231,11.59149571936389,11.691224098205566,6089100,0.0,0.0,0.0
2023-07-13,11.752593883729162,11.844650668922593,11.706565856933594,11.706565856933594,6466554,0.0,0.0,0.0
2023-07-14,11.790951938821015,11.913694328222553,11.790951938821015,11.890680313110352,9754145,0.0,0.0,0.0
2023-07-17,11.890678909173584,11.952050096628234,11.859993315446259,11.906022071838379,9295663,0.0,0.0,0.0
2023-07-18,12.014965831386554,12.014965831386554,11.867113595096113,11.944931030273438,6729941,0.22,0.0,0.0
2023-07-19,12.022747296829975,12.03831108016215,11.890458106994629,11.890458106994629,3141047,0.0,0.0,0.0
2023-07-20,11.89824098430963,11.90602287662037,11.859332264878034,11.874896049499512,2452176,0.0,0.0,0.0
2023-07-21,11.68035423176315,11.727044105529785,11.60253678598921,11.727044105529785,7869001,0.0,0.0,0.0
2023-07-24,11.727042852950001,11.727042852950001,11.641444265439286,11.664789199829102,8756500,0.0,0.0,0.0
2023-07-25,11.695917275644641,11.765952828416756,11.688136124764977,11.727044105529785,3920100,0.0,0.0,0.0
2023-07-26,11.73482444280712,11.73482444280712,11.594753355832578,11.602535247802734,9222600,0.0,0.0,0.0
2023-07-27,11.649225656975734,11.765951066030537,11.641443765139533,11.758169174194336,4125050,0.0,0.0,0.0
2023-07-28,11.81264117526842,11.898239755479779,11.781514351362288,11.85154914855957,5851250,0.0,0.0,0.0
2023-07-31,11.983839391247095,12.030530002279887,11.820423365815447,11.859332084655762,5565719,0.0,0.0,0.0
2023-08-01,11.89824098430963,11.937149703741227,11.835987330067917,11.874896049499512,2305300,0.0,0.0,0.0
2023-08-02,11.851549528012962,11.867113311525346,11.664788578596607,11.711479187011719,5886426,0.0,0.0,0.0
2023-08-04,11.672571091999735,11.688134876341001,11.610317438878837,11.664789199829102,3938140,0.0,0.0,0.0
2023-08-07,11.68035423176315,11.742607891533439,11.664790445759499,11.727044105529785,2314550,0.0,0.0,0.0
2023-08-08,11.711478576074883,11.711478576074883,11.548062568329764,11.586971282958984,7394920,0.0,0.0,0.0
2023-08-09,11.56362625930252,11.586971934666328,11.501372609243123,11.524718284606934,6546960,0.0,0.0,0.0
2023-08-10,11.51693749586094,11.51693749586094,11.392430183817382,11.400211334228516,5801618,0.0,0.0,0.0
2023-08-11,11.423555995887911,11.470245862690879,11.361302345402587,11.37686538696289,2324300,0.0,0.0,0.0
2023-08-14,11.306830916403191,11.306830916403191,11.143414882858606,11.21345043182373,4442854,0.0,0.0,0.0
2023-08-15,11.267923444083385,11.33795900080824,11.244578505882501,11.275705337524414,2095400,0.0,0.0,0.0
2023-08-16,11.221233133060792,11.23679617721786,11.166761365327798,11.182324409484863,1448861,0.0,0.0,0.0
2023-08-17,11.112288257619959,11.291268079591065,11.07337953613736,11.267922401428223,1770100,0.0,0.0,0.0
2023-08-18,11.236794442426932,11.291266943872374,11.182322683103552,11.19788646697998,2790041,0.0,0.0,0.0
2023-08-21,11.236794169463693,11.275702886087537,11.135632545212554,11.174540519714355,1837893,0.0,0.0,0.0
2023-08-22,11.205669346781551,11.267923007654169,11.166761365327798,11.182324409484863,1216002,0.0,0.0,0.0
2023-08-23,11.221232764505418,11.32239514563134,11.205668978737359,11.306831359863281,3136039,0.0,0.0,0.0
2023-08-24,11.462466472787723,11.524720878983507,11.439121534290686,11.501375198364258,2850000,0.0,0.0,0.0
2023-08-25,11.43912032480591,11.501373982297256,11.415775388777188,11.42355728149414,1010160,0.0,0.0,0.0
2023-08-28,11.501373471117205,11.594753953203917,11.501373471117205,11.516937255859375,1491300,0.0,0.0,0.0
2023-08-29,11.579191027941905,11.586972920391862,11.485810544908757,11.563627243041992,896200,0.0,0.0,0.0
2023-08-30,11.664790063828573,11.688135742069663,11.64144512770962,11.657008171081543,3693150,0.0,0.0,0.0
2023-08-31,11.688135684328204,11.688135684328204,11.633663177490234,11.633663177490234,1089067,0.0,0.0,0.0
2023-09-01,11.641445395838002,11.703699055003806,11.633663502911737,11.680354118347168,1776199,0.0,0.0,0.0
2023-09-04,11.68813440427467,11.750388054881236,11.62588001154605,11.742606163024902,3560198,0.0,0.0,0.0
2023-09-05,11.750387005546111,11.906021118164062,11.742605114384718,11.906021118164062,4928820,0.0,0.0,0.0
2023-09-06,11.944931835679863,11.983839813769897,11.882678180189275,11.91380500793457,5116196,0.0,0.0,0.0
2023-09-07,11.859331282452315,11.99162047228766,11.843768241242175,11.890458106994629,4272988,0.0,0.0,0.0
2023-09-08,11.867113858030942,11.867113858030942,11.75038844480078,11.812642097473145,2156141,0.0,0.0,0.0
2023-09-11,11.812641674925688,11.851549649862587,11.742606132643987,11.758169174194336,2143999,0.0,0.0,0.0
2023-09-12,11.835987446786183,11.952712864109937,11.781515684318045,11.921586036682129,2968670,0.0,0.0,0.0
2023-09-13,11.921586126657793,12.014966609645988,11.913804976333692,11.929368019104004,2608655,0.0,0.0,0.0
2023-09-14,11.999403681986347,12.139474778873401,11.999403681986347,12.131692886352539,10271094,0.0,0.0,0.0
2023-09-15,12.19394467967132,12.341796904372947,12.19394467967132,12.326233863830566,7143100,0.0,0.0,0.0
2023-09-18,12.295107599363767,12.357361248606354,12.25619888305664,12.25619888305664,4141959,0.0,0.0,0.0
2023-09-19,12.263982298238174,12.271764190890714,12.155038027469,12.186164855957031,1995793,0.0,0.0,0.0
2023-09-20,12.17838206495096,12.17838206495096,11.99162110779943,11.99940299987793,2759153,0.0,0.0,0.0
2023-09-21,11.90602455483742,11.93715138634577,11.820425211597811,11.835988998413086,4330034,0.0,0.0,0.0
2023-09-22,11.765951604712262,11.867113976848241,11.742606670256908,11.859332084655762,1345500,0.0,0.0,0.0
2023-09-25,11.890458528800485,11.976057855919954,11.890458528800485,11.944931030273438,1041495,0.0,0.0,0.0
2023-09-26,11.874896411399009,11.898241346920587,11.750389099121094,11.750389099121094,2314469,0.0,0.0,0.0
2023-09-27,11.695915463743694,11.758169113869807,11.672570530476914,11.734824180603027,1826975,0.0,0.0,0.0
2023-09-28,11.781514789258635,11.804859722525416,11.688134314069467,11.734824180603027,1820000,0.0,0.0,0.0
2023-10-02,11.851551413618473,11.898242029462155,11.851551413618473,11.882678985595703,1920650,0.0,0.0,0.0
2023-10-03,11.906023115467718,12.038312318915747,11.906023115467718,11.91380500793457,4956980,0.0,0.0,0.0
2023-10-04,11.835986349576089,11.906021890326805,11.750387767615234,11.890458106994629,1609459,0.0,0.0,0.0
2023-10-05,11.960494489285232,12.061656861696044,11.944931446980078,12.053874969482422,3839059,0.0,0.0,0.0
2023-10-06,12.085000748960521,12.100564532039046,12.014965209351201,12.04609203338623,2510048,0.0,0.0,0.0
2023-10-11,12.170601959735448,12.232855617463228,12.155038174242433,12.217291831970215,4761834,0.0,0.0,0.0
2023-10-12,12.2717639497116,12.30289077758789,12.186164616460218,12.30289077758789,4211301,0.0,0.0,0.0
2023-10-13,12.287326398295633,12.40405181165561,12.263981464048054,12.38848876953125,6855462,0.0,0.0,0.0
2023-10-16,12.357361400861153,12.357361400861153,12.24063525050159,12.287325859069824,2485177,0.0,0.0,0.0
2023-10-17,12.372925583717956,12.450743024469737,12.30289077758789,12.30289077758789,3980775,0.0,0.0,0.0
2023-10-18,12.28732648282565,12.334017093764094,12.232854721832537,12.240635871887207,7913801,0.0,0.0,0.0
2023-10-19,12.20906685045334,12.382692337036133,12.20906685045334,12.382692337036133,3549412,0.22,0.0,0.0
2023-10-20,12.335340725944802,12.453721812943204,12.287987839556283,12.42215347290039,4002670,0.0,0.0,0.0
2023-10-23,12.398479844409835,12.414263641211106,12.248530387878418,12.248530387878418,2338439,0.0,0.0,0.0
2023-10-24,12.224852227170256,12.26431284383235,12.09068658210833,12.216959953308105,3292595,0.0,0.0,0.0
2023-10-25,12.264311454792013,12.343232679177685,12.248527661504024,12.25641918182373,1260152,0.0,0.0,0.0
2023-10-26,11.988088473502513,12.043333634173006,11.964412406157223,11.980196952819824,3438317,0.0,0.0,0.0
2023-10-27,12.0038739251499,12.035442268206461,11.956521034240723,11.956521034240723,1325070,0.0,0.0,0.0
2023-10-30,11.988088121414577,12.177498912559775,11.988088121414577,12.130146026611328,2331492,0.0,0.0,0.0
2023-10-31,12.130147044610435,12.185391455646078,12.027549743652344,12.027549743652344,1337999,0.0,0.0,0.0
2023-11-01,12.145930477940988,12.201174883908848,12.098577592362405,12.177498817443848,1322115,0.0,0.0,0.0
2023-11-02,12.351125185898384,12.437938690185547,12.31955684415268,12.437938690185547,2965050,0.0,0.0,0.0
2023-11-03,12.44583173442586,12.461615529951724,12.382694294376368,12.406371116638184,1877943,0.0,0.0,0.0
2023-11-06,12.532644788990291,12.603673752164747,12.493184170265739,12.572105407714844,4469822,0.0,0.0,0.0
2023-11-07,12.548428584890893,12.579996929340794,12.52475251471564,12.572105407714844,1842378,0.0,0.0,0.0
2023-11-08,12.501074829268383,12.587887577126308,12.485290282758614,12.556319236755371,1521657,0.0,0.0,0.0
2023-11-09,12.532643936946094,12.572104552987879,12.485291047166225,12.524751663208008,1076161,0.0,0.0,0.0
2023-11-10,12.477399641423654,12.508967984019185,12.422154477394987,12.445831298828125,1643756,0.0,0.0,0.0
2023-11-13,12.666808798202114,12.72994548266472,12.658918029779421,12.68259334564209,5470976,0.0,0.0,0.0
2023-11-14,12.745730116149755,12.785191485016092,12.722054800127257,12.761514663696289,2762666,0.0,0.0,0.0
2023-11-15,12.935139971281995,12.94303224493352,12.824651150755235,12.856220245361328,2443711,0.0,0.0,0.0
2023-11-16,12.856222077118426,12.864112846596946,12.753624010327712,12.777300834655762,1124001,0.0,0.0,0.0
2023-11-17,12.785190939621438,12.895679757139305,12.785190939621438,12.879895210266113,1995181,0.0,0.0,0.0
2023-11-20,12.911464355987897,12.990384080077073,12.872002988646063,12.903572082519531,1407750,0.0,0.0,0.0
2023-11-21,12.974600442814943,13.037737122366227,12.966708169708886,12.998275756835938,1960041,0.0,0.0,0.0
2023-11-22,12.935139077284655,13.014060303048053,12.935139077284655,12.998275756835938,3022086,0.0,0.0,0.0
2023-11-23,13.021951339128789,13.069303467969723,12.998274522059804,13.014059066772461,1798476,0.0,0.0,0.0
2023-11-24,13.053520137047586,13.092979992650989,13.045627864867505,13.061410903930664,1717548,0.0,0.0,0.0
2023-11-27,13.092983181081646,13.140335320396423,12.974602080146022,12.982494354248047,1462766,0.0,0.0,0.0
2023-11-28,13.006167548417736,13.148225448473044,12.974599962459402,13.14033317565918,1573388,0.0,0.0,0.0
2023-11-29,13.179794916281654,13.235039322259938,13.179794916281654,13.203470230102539,1806159,0.0,0.0,0.0
2023-11-30,13.282393138214987,13.282393138214987,13.203471903118517,13.24293327331543,1199239,0.0,0.0,0.0
2023-12-01,13.179797232771786,13.29028606414795,13.179797232771786,13.29028606414795,1386500,0.0,0.0,0.0
2023-12-04,13.306070327758789,13.377099290777226,13.298178053501474,13.306070327758789,2073804,0.0,0.0,0.0
2023-12-05,13.227148020263428,13.227148020263428,13.124549968517025,13.171903610229492,2078172,0.0,0.0,0.0
2023-12-06,13.203471903118517,13.258716316096839,13.179796586297726,13.24293327331543,1203050,0.0,0.0,0.0
2023-12-07,13.2192572961537,13.2192572961537,13.100876188590918,13.108768463134766,1628233,0.0,0.0,0.0
2023-12-08,13.235038757324219,13.298175433646874,13.227146484621748,13.235038757324219,1607769,0.0,0.0,0.0
2023-12-11,13.250826197312872,13.306070613000953,13.235041648459868,13.29028606414795,1345556,0.0,0.0,0.0
2023-12-12,13.408663804611203,13.448125166839601,13.400771532165523,13.432340621948242,2624630,0.0,0.0,0.0
2023-12-13,13.487588596984033,13.511265420593677,13.440236455062191,13.503373146057129,3785969,0.0,0.0,0.0
2023-12-14,13.661212672553104,13.74802617795384,13.653320398853282,13.7322416305542,2495300,0.0,0.0,0.0
2023-12-15,13.811164187586215,13.87430087794614,13.787487364214703,13.795379638671875,2882179,0.0,0.0,0.0
2023-12-18,13.708566648925263,13.763811060873408,13.645429963084908,13.740134239196777,1953224,0.0,0.0,0.0
2023-12-19,13.676998106810622,13.700674929445361,13.511264864259616,13.621753692626953,2124502,0.0,0.0,0.0
2023-12-20,13.637536950704563,13.66121226580182,13.58229103645072,13.613860130310059,1517496,0.0,0.0,0.0
2023-12-21,13.424449289475618,13.479693695166509,13.416557016477324,13.463909149169922,1750016,0.0,0.0,0.0
2023-12-22,13.527046924959908,13.566508293151855,13.48758706206524,13.566508293151855,1283296,0.0,0.0,0.0
2023-12-25,13.621752015613758,13.629644288853697,13.534938515271632,13.582290649414062,905910,0.0,0.0,0.0
2023-12-26,13.598076235692421,13.669105194986011,13.598076235692421,13.661212921142578,1542880,0.0,0.0,0.0
2023-12-27,13.716457168915701,13.811162948608398,13.716457168915701,13.811162948608398,2657998,0.0,0.0,0.0
2023-12-28,13.850622776963059,13.890084145608908,13.740133955349279,13.755918502807617,2895201,0.0,0.0,0.0
2023-12-29,13.771703334765618,13.787486377252712,13.692782101140843,13.740134239196777,2804195,0.0,0.0,0.0
2024-01-02,13.732242827329246,13.7638119248798,13.550725032305834,13.57440185546875,2467781,0.0,0.0,0.0
2024-01-03,13.511262692910403,13.511262692910403,13.37709706346963,13.384987831115723,11486216,0.0,0.0,0.0
2024-01-04,13.432341766075382,13.487586172603642,13.30606840678302,13.33763599395752,38551098,0.0,0.0,0.0
2024-01-05,13.400773310254706,13.408665583747577,13.274499944963283,13.298176765441895,16364364,0.0,0.0,0.0
2024-01-08,13.384989048832725,13.408665869816474,13.266607954508556,13.282392501831055,15732486,0.0,0.0,0.0
2024-01-09,13.392881694259044,13.40077396813937,13.290285144409456,13.345529556274414,13636418,0.0,0.0,0.0
2024-01-10,13.32185337097602,13.337637919490652,13.266608956472213,13.306070327758789,14633866,0.0,0.0,0.0
2024-01-11,13.38498942037872,13.392881694259044,13.313961966050435,13.345529556274414,21981916,0.0,0.0,0.0
2024-01-12,13.321853656556527,13.345530479836032,13.274501515294947,13.29028606414795,28712327,0.0,0.0,0.0
2024-01-15,13.29028606414795,13.29028606414795,13.29028606414795,13.29028606414795,0,0.0,0.0,0.0
2024-01-16,13.408667249270655,13.408667249270655,13.298178417240885,13.369207382202148,39142666,0.0,0.0,0.0
2024-01-17,13.474029701479614,13.474029701479614,13.086984312901544,13.095047950744629,40649541,0.36,0.0,0.0
2024-01-18,13.135365807438758,13.207935470226095,13.01441278083608,13.127302169799805,15493318,0.0,0.0,0.0
2024-01-19,13.385332681176557,13.457903883348957,13.312761479004156,13.40952205657959,10050495,0.0,0.0,0.0
2024-01-22,13.506284643072613,13.57885584777542,13.506284643072613,13.546601295471191,10017820,0.0,0.0,0.0
2024-01-23,13.570792186703935,13.611108839034198,13.554664910579149,13.594983100891113,8373391,0.0,0.0,0.0
2024-01-24,13.611108137304322,13.659489963184324,13.611108137304322,13.627235412597656,5318715,0.0,0.0,0.0
2024-01-25,13.691742819016637,13.764314019024063,13.691742819016637,13.756250381469727,12925838,0.0,0.0,0.0
2024-01-26,13.707870898253907,13.707870898253907,13.603046679861558,13.611108779907227,7068739,0.0,0.0,0.0
2024-01-29,13.59498491753843,13.659492492675781,13.5627303609788,13.659492492675781,5082617,0.0,0.0,0.0
2024-01-30,13.683677993849118,13.691741630703609,13.63529771070365,13.675614356994629,5789732,0.0,0.0,0.0
2024-01-31,13.627236055961957,13.635299693989321,13.5707921277521,13.611108779907227,4951624,0.0,0.0,0.0
2024-02-01,13.578855595518714,13.578855595518714,13.465967740514463,13.514348030090332,7682964,0.0,0.0,0.0
2024-02-02,13.554663403442905,13.554663403442905,13.498219481263826,13.52241039276123,3914094,0.0,0.0,0.0
2024-02-05,13.490156494915661,13.498220132470484,13.385332282666177,13.48209285736084,7718788,0.0,0.0,0.0
2024-02-15,13.764313931566308,13.861076043621924,13.699806369523095,13.844948768615723,19360362,0.0,0.0,0.0
2024-02-16,13.869141196864314,13.9578381431288,13.853013920095584,13.893330574035645,8337175,0.0,0.0,0.0
2024-02-19,13.90945618566419,13.949772834777832,13.869139536550549,13.949772834777832,6083348,0.0,0.0,0.0
2024-02-20,13.96590057397386,14.135233889440862,13.96590057397386,14.111042976379395,7427200,0.0,0.0,0.0
2024-02-21,14.086852384292403,14.135234211517732,14.038472095048737,14.10297966003418,5409914,0.0,0.0,0.0
2024-02-22,14.17554959486932,14.393263183963551,14.167485957719734,14.385199546813965,6590566,0.0,0.0,0.0
2024-02-23,14.5142169571075,14.651295734332786,14.465836664552038,14.610979080200195,10658896,0.0,0.0,0.0
2024-02-26,14.627104437349084,14.659358990198845,14.506152940125943,14.635168075561523,7797368,0.0,0.0,0.0
2024-02-27,14.667421994862679,14.796437124725545,14.514215951407401,14.627103805541992,9319358,0.0,0.0,0.0
2024-02-29,14.586786503877635,14.667421340942385,14.554531953859096,14.667421340942383,6018923,0.0,0.0,0.0
2024-03-01,14.675486912843692,14.739994483402006,14.610979342285377,14.619041442871094,7513389,0.0,0.0,0.0
2024-03-04,14.73999285836635,14.981895836795575,14.73999285836635,14.933515548706055,8921716,0.0,0.0,0.0
2024-03-05,15.014151822746403,15.046404838562012,14.893198783987987,15.046404838562012,6196927,0.0,0.0,0.0
2024-03-06,14.998023049699038,15.272180577700734,14.9012609359413,15.223798751831055,7844194,0.0,0.0,0.0
2024-03-07,15.481833841895584,15.65116565458131,15.417326264970267,15.635038375854492,12557422,0.0,0.0,0.0
2024-03-08,16.08658869729159,16.10271443377108,15.497955483316233,15.643097877502441,26904995,0.0,0.0,0.0
2024-03-11,15.61891088743439,15.651163903297128,15.489894210038106,15.53021240234375,12311876,0.0,0.0,0.0
2024-03-12,15.497959083473907,15.77211666107178,15.481833343248427,15.772116661071777,7823777,0.0,0.0,0.0
2024-03-13,15.989829574249024,16.005956851721464,15.723735647881078,15.828559875488281,11938838,0.0,0.0,0.0
2024-03-14,15.804370943036083,15.804370943036083,15.457642157508012,15.506022453308105,11943330,0.0,0.0,0.0
2024-03-15,15.336688523982753,15.489893029118857,15.320561248290007,15.449576377868652,8078810,0.0,0.0,0.0
2024-03-18,15.449576988152456,15.739861810161969,15.449576988152456,15.73179817199707,7893134,0.0,0.0,0.0
2024-03-19,15.715669150459517,15.909191830981472,15.602781304650431,15.876938819885254,9150963,0.0,0.0,0.0
2024-03-20,15.981765358296972,16.10271685900819,15.764051734227714,15.804369926452637,10281067,0.0,0.0,0.0
2024-03-21,16.005956413315154,16.005956413315154,15.87694127303304,15.949512481689453,6245650,0.0,0.0,0.0
2024-03-22,15.981763999032953,16.005954912310447,15.7156701049071,15.85274887084961,12061944,0.0,0.0,0.0
2024-03-25,15.860813306672027,15.860813306672027,15.72373453383217,15.73179817199707,6125116,0.0,0.0,0.0
2024-03-26,15.80436819520565,15.893065132420864,15.48183038264668,15.626971244812012,11221226,0.0,0.0,0.0
2024-03-27,15.626970828789684,15.788240499766639,15.538273893935767,15.747923851013184,4725990,0.0,0.0,0.0
2024-03-28,15.804370011943647,15.828559389427674,15.602783663673911,15.739862442016602,5754756,0.0,0.0,0.0
2024-03-29,15.72373287221865,15.8043677073648,15.610845025802973,15.788240432739258,3407000,0.0,0.0,0.0
2024-04-01,15.820495135726635,15.820495135726635,15.659225463867188,15.659225463867188,7678747,0.0,0.0,0.0
2024-04-02,15.739860146844192,15.86081163057264,15.71566923490588,15.788240432739258,15909108,0.0,0.0,0.0
2024-04-03,15.788242352257349,15.828559005741303,15.699543869014558,15.76405143737793,26526734,0.0,0.0,0.0
2024-04-08,15.81243365043225,15.84468666640488,15.699544249573586,15.739862442016602,17955790,0.0,0.0,0.0
2024-04-09,15.804369461925727,15.901130044457975,15.780178547301801,15.89306640625,11344386,0.0,0.0,0.0
2024-04-10,15.893069990618855,16.118847297416607,15.893069990618855,16.070466995239258,15446109,0.0,0.0,0.0
2024-04-11,16.062398287723337,16.062398287723337,15.925319526482452,16.03014373779297,14655959,0.0,0.0,0.0
2024-04-12,16.054333358548543,16.12690455207138,16.03014244804711,16.08658790588379,11557854,0.0,0.0,0.0
2024-04-15,15.965638658040364,15.965638658040364,15.78824321978901,15.828559875488281,30828717,0.0,0.0,0.0
2024-04-16,15.65116416435617,15.65116416435617,15.280246016848043,15.336689949035645,34978023,0.0,0.0,0.0
2024-04-17,15.457641442012807,15.570529306315025,15.441514164831975,15.56246566772461,15736727,0.0,0.0,0.0
2024-04-18,15.545998648184213,15.56246724475085,15.373083095829958,15.496594429016113,14411415,0.4,0.0,0.0
2024-04-19,15.191929863145642,15.191929863145642,14.623775972334295,14.837862968444824,28820527,0.0,0.0,0.0
2024-04-22,14.739055526592587,14.780227015952686,14.45909568107085,14.467329978942871,13958645,0.0,0.0,0.0
2024-04-23,14.706118656420104,14.706118656420104,14.533201556859659,14.599074363708496,7875262,0.0,0.0,0.0
2024-04-24,14.85433399581648,15.101356647680754,14.85433399581648,15.068419456481934,7513743,0.0,0.0,0.0
2024-04-25,14.920203130218406,14.928435855457227,14.813158855737747,14.84609603881836,5425296,0.0,0.0,0.0
2024-04-26,14.994312897247939,15.084888605837952,14.977845871575754,14.986080169677734,8884042,0.0,0.0,0.0
2024-04-29,15.249570299666608,15.290740216601728,15.16722889526471,15.26603889465332,6963520,0.0,0.0,0.0
2024-04-30,15.2413359387713,15.274271558076055,15.175463129630135,15.19193172454834,11721198,0.0,0.0,0.0
2024-05-02,15.06018482129615,15.158993241311508,14.986077721018873,15.126057624816895,4729079,0.0,0.0,0.0
2024-05-03,15.307207100683868,15.364845606163376,15.175461496578855,15.183695793151855,6170644,0.0,0.0,0.0
2024-05-06,15.36484650290741,15.381315097014571,15.216632297006122,15.233100891113281,4364868,0.0,0.0,0.0
2024-05-07,15.373080319560012,15.406015936213535,15.233100415086604,15.323676109313965,6626927,0.0,0.0,0.0
2024-05-08,15.274271754063777,15.373081754309204,15.21663324164214,15.356613159179688,4239709,0.0,0.0,0.0
2024-05-09,15.356611453649164,15.397782936900382,15.274270057678223,15.274270057678223,5810081,0.0,0.0,0.0
2024-05-10,15.298973629434808,15.331910817503646,15.200163635759868,15.28250503540039,4793093,0.0,0.0,0.0
2024-05-13,15.35661234138299,15.397783827014248,15.183696813326478,15.257803916931152,6400281,0.0,0.0,0.0
2024-05-14,15.257803715075525,15.414250646809794,15.200163635954324,15.40601634979248,5834178,0.0,0.0,0.0
2024-05-15,15.521295616933182,15.595402722801412,15.463657105820479,15.471891403198242,7495357,0.0,0.0,0.0
2024-05-16,15.66950805241084,15.727146556989778,15.644805163077812,15.685975074768066,9468088,0.0,0.0,0.0
2024-05-17,15.653042519267853,15.677745413429626,15.603638301476073,15.661276817321777,3828498,0.0,0.0,0.0
2024-05-20,15.694210733053541,15.751849242633972,15.58716801105154,15.702445030212402,6740720,0.0,0.0,0.0
2024-05-21,15.727147102355959,15.74361569581572,15.636571408858781,15.727147102355957,4305152,0.0,0.0,0.0
2024-05-22,15.801254211309606,15.982404027874663,15.784785617840551,15.974169731140137,8210749,0.0,0.0,0.0
2024-05-23,16.015337748174716,16.114146146538207,15.941230664136508,16.0400390625,10295035,0.0,0.0,0.0
2024-05-24,15.941233299620707,16.0400417143197,15.908296114366753,15.998871803283691,4455564,0.0,0.0,0.0
2024-05-27,16.188255192328835,16.476449268453926,16.188255192328835,16.344703674316406,19470936,0.0,0.0,0.0
2024-05-28,16.37764133469698,16.525855539260462,16.36940703771772,16.492919921875,13870305,0.0,0.0,0.0
2024-05-29,16.5093847594716,16.5093847594716,16.39410775808773,16.443511962890625,7296258,0.0,0.0,0.0
2024-05-30,16.188257418870872,16.377641540175137,16.138853206907058,16.287067413330078,8618968,0.0,0.0,0.0
2024-05-31,16.3776409194058,16.40234380971717,16.048276901245117,16.048276901245117,11462000,0.0,0.0,0.0
2024-06-03,16.188253673839732,16.221190854550226,16.048273796882572,16.18001937866211,6010332,0.0,0.0,0.0
2024-06-04,16.1388523865671,16.1388523865671,15.982403891013812,16.00710678100586,6544313,0.0,0.0,0.0
2024-06-05,16.00710678100586,16.064745287122463,15.916531088233192,16.00710678100586,6445528,0.0,0.0,0.0
2024-06-06,16.262365067875454,16.32000357885628,16.1470880459138,16.270599365234375,9895887,0.0,0.0,0.0
2024-06-07,16.23765885187324,16.31176594240184,16.23765885187324,16.303531646728516,4324788,0.0,0.0,0.0
2024-06-11,16.328239166955978,16.41881487453247,16.26236635340901,16.33647346496582,7521268,0.0,0.0,0.0
2024-06-12,16.336469678144795,16.583492279052734,16.336469678144795,16.583492279052734,8831505,0.0,0.0,0.0
2024-06-13,16.814049992125977,17.077541218675275,16.79758139783375,16.9293270111084,8134478,0.0,0.0,0.0
2024-06-14,16.9210916891286,16.9457945790708,16.838751863717587,16.912858963012695,4631431,0.0,0.0,0.0
2024-06-17,16.888158452431774,17.036372671903795,16.871689856816722,16.945796966552734,4873386,0.0,0.0,0.0
2024-06-18,17.061070728438064,17.23398780822754,17.04460370650736,17.23398780822754,4232797,0.0,0.0,0.0
2024-06-19,17.448076383817202,17.61275761180566,17.37396928153635,17.596290588378906,7051427,0.0,0.0,0.0
2024-06-20,17.604518524973532,17.769201278686523,17.571582916549616,17.769201278686523,5516765,0.0,0.0,0.0
2024-06-21,17.538649900892114,17.719801287084064,17.497479987956584,17.66216278076172,6156514,0.0,0.0,0.0
2024-06-24,17.563352848208275,17.563352848208275,17.233988832056173,17.308095932006836,11935972,0.0,0.0,0.0
2024-06-25,17.085777744698376,17.201054778718937,16.92932921957633,17.176353454589844,8548515,0.0,0.0,0.0
2024-06-26,17.29162733856635,17.40690435158671,17.217520238615688,17.308095932006836,6234209,0.0,0.0,0.0
2024-06-27,17.08577577895179,17.258691310088413,17.08577577895179,17.22575569152832,3947526,0.0,0.0,0.0
2024-06-28,17.201053268969055,17.373970375354624,17.19281897147149,17.31633186340332,4264923,0.0,0.0,0.0
2024-07-01,17.316332259964447,17.555120610735713,17.316332259964447,17.45631217956543,6753109,0.0,0.0,0.0
2024-07-02,17.530417231858824,17.530417231858824,17.250457425496656,17.308095932006836,30858550,0.0,0.0,0.0
2024-07-03,17.5304170999236,17.56335271602518,17.406904220581055,17.406904220581055,17286072,0.0,0.0,0.0
2024-07-04,17.579821655860204,17.67863007664407,17.579821655860204,17.653928756713867,15782391,0.0,0.0,0.0
2024-07-05,17.760971134495502,17.760971134495502,17.645694122276094,17.711566925048828,11934413,0.0,0.0,0.0
2024-07-08,17.75273577271779,18.065632745013957,17.68686297389724,17.991525650024414,22032867,0.0,0.0,0.0
2024-07-09,18.13973868512966,18.23031279615935,17.89271452738094,18.07386589050293,32968248,0.0,0.0,0.0
2024-07-10,18.106801502550642,18.12327009384015,17.933886005604712,18.07386589050293,18379324,0.0,0.0,0.0
2024-07-11,18.230313982627933,18.29618678154181,18.164441183714057,18.238548278808594,19075561,0.0,0.0,0.0
2024-07-12,17.975056414958622,17.999759302582312,17.752735137939453,17.752735137939453,56851782,0.0,0.0,0.0
2024-07-15,17.843312944356967,17.9091857486572,17.76920584320276,17.851547241210938,22384108,0.0,0.0,0.0
2024-07-16,17.89271606199523,17.999760344026658,17.81037466901677,17.82684326171875,29602348,0.0,0.0,0.0
2024-07-17,17.810375618205715,17.868015695734528,17.686864307421317,17.703332901000977,35902082,0.0,0.0,0.0
2024-07-18,17.45631088978489,17.45631088978489,17.159882477112617,17.33279800415039,56392103,0.0,0.0,0.0
2024-07-19,17.256368977573203,17.28184648377943,16.96763038635254,16.96763038635254,28471296,0.64,0.0,0.0
2024-07-22,16.848736259985362,16.848736259985362,16.254274155859978,16.41562843322754,27924487,0.0,0.0,0.0
2024-07-23,16.644920287741424,16.704366171304613,16.585474404178232,16.66190528869629,13312915,0.0,0.0,0.0
2024-07-26,16.08442829428872,16.254273445343802,15.906089022935204,16.24578094482422,19222993,0.0,0.0,0.0
2024-07-29,16.441107670735423,16.5005535634648,16.058953189219306,16.084430694580078,10157936,0.0,0.0,0.0
2024-07-30,15.991014382420401,16.152368672653715,15.787199204126296,16.118398666381836,12104938,0.0,0.0,0.0
2024-07-31,15.96553402861593,16.084427409571546,15.86362726754399,16.016489028930664,8052288,0.0,0.0,0.0
2024-08-01,16.339196645888432,16.347689146311925,16.194827378246732,16.296735763549805,6406671,0.0,0.0,0.0
2024-08-02,15.923075642990577,15.965536530126947,15.549413681030275,15.549413681030273,26831075,0.0,0.0,0.0
2024-08-05,14.946459588674012,14.946459588674012,14.182152336593065,14.216120719909668,27601486,0.0,0.0,0.0
2024-08-06,14.547321947027196,14.90399892466638,14.13119907641133,14.734153747558594,21923848,0.0,0.0,0.0
2024-08-07,14.878523684135818,15.430523368285161,14.86153867975481,15.388062477111816,12870001,0.0,0.0,0.0
2024-08-08,15.184243164729796,15.252181551291805,14.988920505836381,15.090828895568848,7698396,0.0,0.0,0.0
2024-08-09,15.540920314753341,15.600367821126467,15.388060157702082,15.422028541564941,9610721,0.0,0.0,0.0
2024-08-12,15.523936604609656,15.829658532029601,15.523936604609656,15.719259262084961,7959149,0.0,0.0,0.0
2024-08-13,15.838151421416867,15.880613926113645,15.744737150641823,15.795690536499023,4747057,0.0,0.0,0.0
2024-08-14,16.02498435974121,16.10990613570938,15.974029350425452,16.02498435974121,5228051,0.0,0.0,0.0
2024-08-15,16.016487823914854,16.05045620179027,15.880611072855908,15.897594451904297,4127453,0.0,0.0,0.0
2024-08-16,16.262767282794062,16.279752285229527,16.177843890395707,16.220306396484375,5675997,0.0,0.0,0.0
2024-08-19,16.237293636044416,16.46658472139832,16.237293636044416,16.40713882446289,4479622,0.0,0.0,0.0
2024-08-20,16.53452305508287,16.560000562145145,16.424123764038086,16.424123764038086,3810007,0.0,0.0,0.0
2024-08-21,16.356183624598202,16.356183624598202,16.237291843850056,16.279752731323242,3222120,0.0,0.0,0.0
2024-08-22,16.313723094194692,16.36467810907193,16.237293811437286,16.26276969909668,2731778,0.0,0.0,0.0
2024-08-23,16.101414288374123,16.30523109436035,16.067445900562493,16.30523109436035,4590491,0.0,0.0,0.0
2024-08-26,16.424124006649482,16.517539914145193,16.25427719661714,16.26276969909668,3452890,0.0,0.0,0.0
2024-08-27,16.17784106673198,16.262764444307898,16.135380187833373,16.211811065673828,3026019,0.0,0.0,0.0
2024-08-28,16.254276585639698,16.364677493944658,16.152369799274215,16.347692489624023,2675315,0.0,0.0,0.0
2024-08-29,16.16935285503896,16.40713640775608,16.101412845943816,16.364675521850586,2907832,0.0,0.0,0.0
2024-08-30,16.449598436790783,16.458089317902672,16.37316754855241,16.41562843322754,2550177,0.0,0.0,0.0
2024-09-02,16.526030175653194,16.526030175653194,16.33070748530339,16.347692489624023,4512682,0.0,0.0,0.0
2024-09-03,16.34769112314776,16.407137013521833,16.237291843850056,16.279752731323242,3740659,0.0,0.0,0.0
2024-09-04,15.69378097831947,15.80418186254488,15.31162818313157,15.566396713256836,13805962,0.0,0.0,0.0
2024-09-05,15.710769549748388,15.72775455422485,15.456000961718194,15.464491844177246,5451176,0.0,0.0,0.0
2024-09-06,15.481476644866314,15.6683084520897,15.371077356780898,15.617353439331055,2805831,0.0,0.0,0.0
2024-09-09,15.286152586626635,15.464490255976687,15.277660085260584,15.455999374389648,5070864,0.0,0.0,0.0
2024-09-10,15.50695426822052,15.61735355713872,15.277661568414445,15.388062477111816,5547427,0.0,0.0,0.0
2024-09-11,15.34559907876409,15.405044970880844,15.286153186647336,15.371076583862305,3488700,0.0,0.0,0.0
2024-09-12,15.710767239987396,15.80418313109496,15.65132135283856,15.77021312713623,4504936,0.0,0.0,0.0
2024-09-13,15.795690692677656,15.863629081085303,15.710767302223363,15.753228187561035,2490763,0.0,0.0,0.0
2024-09-16,15.761720532741602,15.812675538377734,15.736244649702469,15.795690536499023,2339399,0.0,0.0,0.0
2024-09-18,15.761721712208681,15.761721712208681,15.515445645653994,15.532430648803711,8418694,0.0,0.0,0.0
2024-09-19,15.532430519870593,15.702275690620738,15.49846051385314,15.668307304382324,4725320,0.0,0.0,0.0
2024-09-20,15.88061408313195,15.948552471539596,15.753228187561035,15.753228187561035,4145868,0.0,0.0,0.0
2024-09-23,15.80418250266611,15.897596770280261,15.778705000710138,15.863628387451172,3014187,0.0,0.0,0.0
2024-09-24,15.846641075201852,15.931564449558353,15.727749322969935,15.897594451904297,4269205,0.0,0.0,0.0
2024-09-25,16.10141537269925,16.186338777616033,16.075939485069675,16.169355392456055,6317547,0.0,0.0,0.0
2024-09-26,16.305231158647494,16.407137942263287,16.279753652853987,16.288246154785156,6111066,0.0,0.0,0.0
2024-09-27,16.424122527383616,16.492060921321723,16.305230742936697,16.322214126586914,6031834,0.0,0.0,0.0
2024-09-30,16.13538232228277,16.169352325718297,15.940059661865234,15.940059661865234,15881862,0.0,0.0,0.0
2024-10-01,15.940058830704762,15.974027212590164,15.88910382820841,15.906088829040527,7689180,0.0,0.0,0.0
2024-10-04,15.855138908618416,15.948554813815512,15.804185514774177,15.821168899536133,8123164,0.0,0.0,0.0
2024-10-07,15.974028082136345,16.143874860145463,15.940059698401873,16.03347396850586,7071518,0.0,0.0,0.0
2024-10-08,15.931566781032942,15.974027664535727,15.838150893592157,15.965535163879395,5430090,0.0,0.0,0.0
2024-10-09,16.101412231127803,16.177843118662434,16.041966345218405,16.06744384765625,5264981,0.0,0.0,0.0
2024-10-11,16.177843031913113,16.271258920572055,16.160859650157857,16.194828033447266,6829230,0.0,0.0,0.0
2024-10-14,16.24578358107655,16.30523109436035,16.186337687571864,16.30523109436035,5253008,0.0,0.0,0.0
2024-10-15,16.356183907129335,16.534521581332104,16.356183907129335,16.48356819152832,6585776,0.0,0.0,0.0
2024-10-16,16.262767065743297,16.475074734016133,16.220306180000318,16.38166046142578,7491341,0.0,0.0,0.0
2024-10-17,16.458089317902672,16.466581818793482,16.347690045879975,16.41562843322754,6864965,0.0,0.0,0.0
2024-10-18,16.670398852677998,16.71286136189997,16.398645272773788,16.432615280151367,14050445,0.0,0.0,0.0
2024-10-21,16.55150604248047,16.593968549075562,16.48356765170732,16.55150604248047,17988636,0.0,0.0,0.0
2024-10-22,16.525386506043176,16.525386506043176,16.39478578255761,16.481853485107422,10356040,0.48,0.0,0.0
2024-10-23,16.47314354843056,16.50796962670042,16.35995671820602,16.377368927001953,6506529,0.0,0.0,0.0
2024-10-24,16.377367847503162,16.403488649992326,16.246767156413117,16.255474090576172,7152300,0.0,0.0,0.0
2024-10-25,16.31642374872493,16.36866370192503,16.281597666817586,16.342544555664062,3154209,0.0,0.0,0.0
2024-10-28,16.429611492718845,16.45573063777361,16.21194309364597,16.264183044433594,7484560,0.0,0.0,0.0
2024-10-29,16.13358399507699,16.13358399507699,15.872380892940411,15.942034721374512,10480000,0.0,0.0,0.0
2024-10-30,16.037808312162067,16.090048264910735,15.898500664380187,15.915914535522461,4190435,0.0,0.0,0.0
2024-11-01,15.550233075496374,15.828848398483553,15.323857710399711,15.794020652770996,18285885,0.0,0.0,0.0
2024-11-04,15.820141267654199,15.84626207661764,15.672126671551304,15.759194374084473,5733181,0.0,0.0,0.0
2024-11-05,15.680832217308042,15.854965946254028,15.663418346209998,15.724365234375,5037062,0.0,0.0,0.0
2024-11-06,15.759194578192625,15.976863007005567,15.759194578192625,15.889795303344727,5710039,0.0,0.0,0.0
2024-11-07,15.898500130969994,16.15099461134891,15.846260179974028,16.081340789794922,3955216,0.0,0.0,0.0
2024-11-08,16.177117362355368,16.211945107659172,16.02039582984486,16.06393051147461,3468550,0.0,0.0,0.0
2024-11-11,16.037810950781445,16.037810950781445,15.8636755320654,16.011690139770508,5338560,0.0,0.0,0.0
2024-11-12,15.828846800285113,15.881086752901094,15.724365234375,15.724365234375,7697760,0.0,0.0,0.0
2024-11-13,15.68953842353065,15.820139129338719,15.672124553242087,15.741778373718262,3099232,0.0,0.0,0.0
2024-11-14,15.698246925662469,15.698246925662469,15.49799071871072,15.506697654724121,9949475,0.0,0.0,0.0
2024-11-15,15.60247188002308,15.68083264140544,15.550231925994238,15.663418769836426,3247766,0.0,0.0,0.0
2024-11-18,15.611177217235548,15.611177217235548,15.463162645411908,15.480576515197754,4579389,0.0,0.0,0.0
2024-11-19,15.602471040819486,15.733071749206122,15.541524154284263,15.672124862670898,3011932,0.0,0.0,0.0
2024-11-20,15.567643165588379,15.567643165588379,15.567643165588379,15.567643165588379,2000,0.0,0.0,0.0
2024-11-21,15.463163905528294,15.576350747004009,15.445750034323366,15.524110794067383,3155256,0.0,0.0,0.0
2024-11-22,15.698245024951566,15.759191908987813,15.654710350155648,15.715657234191895,4206835,0.0,0.0,0.0
2024-11-25,15.846260247638485,15.88108632822514,15.672124862670898,15.672124862670898,2290232,0.0,0.0,0.0
2024-11-26,15.576350212097168,15.654710969150203,15.532817196257975,15.576350212097168,3707803,0.0,0.0,0.0
2024-11-27,15.541522942176936,15.567642085410327,15.332561492919922,15.332561492919922,6576605,0.0,0.0,0.0
2024-11-28,15.332565738008231,15.332565738008231,15.088776482705418,15.175844192504883,11112804,0.0,0.0,0.0
2024-11-29,15.045239292606782,15.358680636153313,14.958171606913531,15.332561492919922,3706127,0.0,0.0,0.0
2024-12-02,15.47187030981186,15.602471018007549,15.44574950390148,15.576350212097168,4319560,0.0,0.0,0.0
2024-12-03,15.794019149745647,15.794019149745647,15.611178484189569,15.637297630310059,6075372,0.0,0.0,0.0
2024-12-04,15.72436651879498,15.750487327575684,15.646005753131158,15.750487327575684,3604306,0.0,0.0,0.0
2024-12-05,15.8027253707072,15.898499997292932,15.767899290562081,15.863672256469727,4646721,0.0,0.0,0.0
2024-12-06,15.898501824407392,15.959448717174158,15.802727186814886,15.837554931640625,3848490,0.0,0.0,0.0
2024-12-09,15.837556318881585,15.854968532141347,15.759195546838184,15.776609420776367,4529782,0.0,0.0,0.0
2024-12-10,15.794018323905874,15.854965209237768,15.7243645034297,15.741778373718262,2419253,0.0,0.0,0.0
2024-12-11,15.663417617373025,15.698245357948538,15.585056861756193,15.628591537475586,2712660,0.0,0.0,0.0
2024-12-12,15.75919297657109,15.837553735834137,15.715658298825979,15.724365234375,2540872,0.0,0.0,0.0
2024-12-13,15.715659277793515,15.715659277793515,15.576351621687644,15.706954002380371,3760966,0.0,0.0,0.0
2024-12-16,15.84626110769885,15.84626110769885,15.55023193359375,15.55023193359375,3828450,0.0,0.0,0.0
2024-12-17,15.628594813658655,15.820142444943402,15.628594813658655,15.776609420776367,6330051,0.0,0.0,0.0
2024-12-18,15.767899290562081,15.889793062087131,15.706952404799555,15.863672256469727,3169286,0.0,0.0,0.0
2024-12-19,15.680831488386367,15.759192244006824,15.637296812664962,15.741778373718262,3960555,0.0,0.0,0.0
2024-12-20,15.715658390027853,15.750486132426056,15.593764612990467,15.637297630310059,3985783,0.0,0.0,0.0
2024-12-23,15.767901504164897,15.837555334911691,15.73307375845234,15.794020652770996,3163896,0.0,0.0,0.0
2024-12-24,15.950738593319155,15.985566331184804,15.907205581665039,15.907205581665039,3470327,0.0,0.0,0.0
2024-12-25,15.9768604426993,15.994274312772184,15.907206623085816,15.93332576751709,2392076,0.0,0.0,0.0
2024-12-26,15.950742098270752,15.994276780168947,15.915916013430504,15.976862907409668,3077516,0.0,0.0,0.0
2024-12-27,15.976864052434358,16.055224824788734,15.942036304419776,16.011690139770508,3749412,0.0,0.0,0.0
2024-12-30,15.942036736375357,15.959450610854484,15.854969024658203,15.854969024658203,3500789,0.0,0.0,0.0
2024-12-31,15.767899290562081,15.889793062087131,15.724364614533073,15.863672256469727,2341915,0.0,0.0,0.0
2025-01-02,15.846261323739453,15.846261323739453,15.646005119224133,15.680832862854004,7085597,0.0,0.0,0.0
2025-01-03,15.80272802088195,15.82884883087991,15.689541165580856,15.733074188232422,5624000,0.0,0.0,0.0
2025-01-06,15.881087951892388,16.063930290869788,15.872381015686008,16.04651641845703,7996084,0.0,0.0,0.0
2025-01-07,16.1945292231574,16.342543800954076,16.16840841742454,16.264183044433594,10809632,0.0,0.0,0.0
2025-01-08,16.203236670345767,16.246769687264536,16.107462040310693,16.116168975830078,5180866,0.0,0.0,0.0
2025-01-09,16.098757232873428,16.107464169543775,15.811434965465459,15.828848838806152,5188500,0.0,0.0,0.0
2025-01-10,15.82884799543419,15.968155653380594,15.794020250608451,15.837554931640625,3254727,0.0,0.0,0.0
2025-01-13,15.74177800536427,15.74177800536427,15.36738810631119,15.393508911132812,12658902,0.0,0.0,0.0
2025-01-14,15.393511136419583,15.558939602848136,15.376097264021151,15.532818794250488,3662438,0.0,0.0,0.0
2025-01-15,15.567644571949216,15.593765380032726,15.471871596999502,15.489285469055176,4099440,0.0,0.0,0.0
2025-01-16,15.759194263835917,15.83755502949974,15.715659582534746,15.750487327575684,5643842,0.0,0.0,0.0
2025-01-17,15.794017988146507,15.794017988146507,15.637296480237282,15.715657234191895,4441618,0.0,0.0,0.0
2025-01-20,15.785312162633561,15.924621471093598,15.785312162633561,15.915914535522461,6333810,0.0,0.0,0.0
2025-01-21,15.881088267911949,15.994276780168947,15.86367439515267,15.976862907409668,4964719,0.0,0.0,0.0
2025-01-22,16.030178083892277,16.04794861096009,15.994633640051914,16.0390625,4225000,0.37,0.0,0.0
2025-02-03,15.461477850817795,15.701397746734225,15.408162883342676,15.61253833770752,9068006,0.0,0.0,0.0
2025-02-04,15.710284699844118,15.79025800277281,15.692512478114999,15.73694133758545,3373202,0.0,0.0,0.0
2025-02-05,15.861343354850973,16.00351772248638,15.861343354850973,15.90577220916748,3555815,0.0,0.0,0.0
2025-02-06,16.0212920562188,16.083493138410418,15.923546530002039,15.959089279174805,2565579,0.0,0.0,0.0
2025-02-07,15.985748653815566,16.092380297986665,15.976862542230268,16.083494186401367,4603933,0.0,0.0,0.0
2025-02-10,15.9857471107886,15.994633221516166,15.9146599198204,15.976861000061035,3975765,0.0,0.0,0.0
2025-02-11,16.056834756624287,16.10126531152077,15.97686145266299,15.994633674621582,3141237,0.0,0.0,0.0
2025-02-12,16.083491201230114,16.101263421102107,15.941316831958535,15.950202941894531,2736500,0.0,0.0,0.0
2025-02-13,15.95020559201797,16.17235329277113,15.95020559201797,16.15458106994629,5912769,0.0,0.0,0.0
2025-02-14,16.145694732666016,16.225668039406575,16.136808621377906,16.145694732666016,5041026,0.0,0.0,0.0
2025-02-17,16.234551329243686,16.367839585695915,16.234551329243686,16.35895347595215,7650028,0.0,0.0,0.0
2025-02-18,16.394499292945675,16.430042040056108,16.35006874049229,16.42115592956543,4391038,0.0,0.0,0.0
2025-02-19,16.51001448931128,16.607760004822303,16.501128379278263,16.54555892944336,6900952,0.0,0.0,0.0
2025-02-20,16.59887589280166,16.59887589280166,16.43892928265887,16.465587615966797,3635965,0.0,0.0,0.0
2025-02-21,16.492241984430848,16.625530242919922,16.47447145952389,16.625530242919922,5737339,0.0,0.0,0.0
2025-02-24,16.49224220988797,16.64330269020123,16.48335609988693,16.634416580200195,4424190,0.0,0.0,0.0
2025-02-25,16.465584431578023,16.616644901403586,16.403381665889327,16.581100463867188,3584476,0.0,0.0,0.0
2025-02-26,16.501128620367542,16.57221580681812,16.39449868811778,16.563329696655273,2382799,0.0,0.0,0.0
2025-02-27,16.634416098600365,16.64330220834413,16.35895347595215,16.35895347595215,3467864,0.0,0.0,0.0
2025-03-03,16.127922369392845,16.154580703024614,15.950205229738307,16.056835174560547,7062868,0.0,0.0,0.0
2025-03-04,15.781371758595292,16.145693826702903,15.75471342622681,16.110149383544922,5705292,0.0,0.0,0.0
2025-03-05,16.207893524227973,16.332295674959997,16.15457855889313,16.2967529296875,5262027,0.0,0.0,0.0
2025-03-06,16.332294288414676,16.341180397691456,16.216778257520662,16.23455047607422,3261561,0.0,0.0,0.0
2025-03-07,16.136807942653906,16.22566735694509,16.119035720825195,16.119035720825195,2477130,0.0,0.0,0.0
2025-03-10,16.1634668142352,16.17235292544579,16.003520202149428,16.056835174560547,2603476,0.0,0.0,0.0
2025-03-11,15.683625264365848,15.932431266520252,15.568109220954442,15.896886825561523,7545872,0.0,0.0,0.0
2025-03-12,15.941318703598174,16.119035838626992,15.923546481639582,15.994633674621582,4205376,0.0,0.0,0.0
2025-03-13,16.163465358191623,16.190121994569683,15.80802941604865,15.825799942016602,3655810,0.0,0.0,0.0
2025-03-14,15.83468754455352,15.89688862843331,15.736942015683892,15.76360034942627,3786000,0.0,0.0,0.0
2025-03-17,15.932431038844744,16.00351822489413,15.88800048828125,15.88800048828125,2807039,0.0,0.0,0.0
2025-03-18,16.00351905822754,16.101264579704814,15.967974615925879,16.00351905822754,2811489,0.0,0.0,0.0
2025-03-19,16.021290445119526,16.065719300830814,15.870229962908057,15.88800048828125,4129110,0.0,0.0,0.0
2025-03-20,16.03017745706096,16.181236252918517,16.01240523583573,16.172351837158203,4745841,0.0,0.0,0.0
2025-03-21,16.16346535098163,16.16346535098163,16.047947610554033,16.07460594177246,1763261,0.0,0.0,0.0
2025-03-24,16.163466344650043,16.18123687170253,15.985747515306223,16.03017807006836,2102910,0.0,0.0,0.0
2025-03-25,16.154581837115877,16.190124589601005,16.056836301789833,16.101266860961914,2006479,0.0,0.0,0.0
2025-03-26,16.110151277943796,16.17235406078471,16.056836301789833,16.101266860961914,1912374,0.0,0.0,0.0
2025-03-27,15.896888493189554,15.914660715533275,15.834687409838944,15.879117965698242,3865624,0.0,0.0,0.0
2025-03-28,15.772485312444845,15.825800281195875,15.603652600738904,15.710284233093262,7154979,0.0,0.0,0.0
2025-03-31,15.328190830294632,15.354849163624616,15.04384205418439,15.079384803771973,11656068,0.0,0.0,0.0
2025-04-01,15.257104656052878,15.461480140686035,15.248218544348935,15.461480140686035,5914272,0.0,0.0,0.0
2025-04-02,15.461478995776245,15.47925121786811,15.39039180226116,15.408164024353027,5296240,0.0,0.0,0.0
2025-04-07,13.870901107788086,13.870901107788086,13.870901107788086,13.870901107788086,2461311,0.0,0.0,0.0
2025-04-08,12.751276899739773,13.399947704777432,12.751276899739773,13.088940620422363,17442703,0.0,0.0,0.0
2025-04-09,12.920108593551655,13.035625484896732,12.13814868497229,12.235894203186035,13226941,0.0,0.0,0.0
2025-04-10,13.453265190124512,13.453265190124512,13.453265190124512,13.453265190124512,1453671,0.0,0.0,0.0
2025-04-11,13.106712690125198,14.004189491271973,12.849021423674019,14.004189491271973,7132809,0.0,0.0,0.0
2025-04-14,14.341853713992396,14.475143678204581,14.084163285876924,14.110820770263672,7560014,0.0,0.0,0.0
2025-04-15,14.217452381789824,14.368512881140438,14.137479076554065,14.359626770019531,4213707,0.0,0.0,0.0
2025-04-16,14.217451401248283,14.261880258936271,14.128591991020025,14.146364212036133,5342205,0.0,0.0,0.0
2025-04-17,14.02196109156088,14.084163017178131,13.870900603874343,14.013075828552246,6762760,0.0,0.0,0.0
2025-04-18,14.040374068620654,14.131367545297685,13.98577728838533,14.04947280883789,3227141,0.37,0.0,0.0
2025-04-21,13.99487753026736,13.99487753026736,13.803790092468262,13.803790092468262,2964795,0.0,0.0,0.0
2025-04-22,13.667299520592255,13.867485700239559,13.649100303649902,13.649100303649902,4560156,0.0,0.0,0.0
2025-04-23,13.976678165137463,14.185964817547486,13.967579424604654,14.140467643737793,3352300,0.0,0.0,0.0
2025-04-24,14.204163622171233,14.204163622171233,14.022175788879395,14.022175788879395,1372606,0.0,0.0,0.0
2025-04-25,14.422548877886111,14.486244398122167,14.377051705809052,14.386151313781738,4256684,0.0,0.0,0.0
2025-04-28,14.4225492477417,14.468045553199099,14.377052074497898,14.4225492477417,2737778,0.0,0.0,0.0
2025-04-29,14.422548700047233,14.531741391013938,14.377051528531181,14.513542175292969,1968458,0.0,0.0,0.0
2025-04-30,14.522643663071849,14.56814084047739,14.458948135375977,14.458948135375977,2434165,0.0,0.0,0.0
2025-05-02,14.640934204151483,14.677330900324394,14.513542296400793,14.56813907623291,2911377,0.0,0.0,0.0
2025-05-05,14.659133478457719,14.659133478457719,14.204162625473499,14.386151313781738,3744000,0.0,0.0,0.0
2025-05-06,14.313355797911042,14.422549361673305,14.231461926768956,14.322455406188965,2725652,0.0,0.0,0.0
2025-05-07,14.386152385486687,14.468046259982472,14.195064942756966,14.28605842590332,2188172,0.0,0.0,0.0
2025-05-08,14.377051860429308,14.513542510342019,14.377051860429308,14.495344161987305,3198657,0.0,0.0,0.0
2025-05-09,14.522642956236671,14.622736047428026,14.449847823045424,14.595438957214355,2485710,0.0,0.0,0.0
2025-05-12,14.695530809168813,14.868419896967835,14.686431200803304,14.850220680236816,1974412,0.0,0.0,0.0
2025-05-13,15.205097033723668,15.214196642271766,15.06860637664795,15.06860637664795,3068725,0.0,0.0,0.0
2025-05-14,15.259694515618266,15.377985954284668,15.223296081829929,15.377985954284668,3211081,0.0,0.0,0.0
2025-05-15,15.37798531845332,15.387084926524164,15.286990973317653,15.332489013671875,1674677,0.0,0.0,0.0
2025-05-16,15.332489865768716,15.359786955925497,15.26879434130573,15.305191040039062,2168206,0.0,0.0,0.0
2025-05-19,15.223295965573252,15.250594790706032,15.032209396362305,15.032209396362305,2821545,0.0,0.0,0.0
2025-05-20,15.195998588002297,15.25059450166026,15.132301330566406,15.132301330566406,1721567,0.0,0.0,0.0
2025-05-21,15.195998712668187,15.368886063265544,15.195998712668187,15.341588973999023,2209208,0.0,0.0,0.0
2025-05-22,15.223294610876989,15.259693041148324,15.168698701042668,15.232394218444824,1311255,0.0,0.0,0.0
2025-05-23,15.277893784363439,15.277893784363439,15.141401392766783,15.168700218200684,847737,0.0,0.0,0.0
2025-05-26,15.132301366235863,15.16869979914217,15.041308755115708,15.050408363342285,1262057,0.0,0.0,0.0
2025-05-27,15.05040847746809,15.05950635019085,14.923015696902816,14.95031452178955,1419855,0.0,0.0,0.0
2025-05-28,15.123203641585544,15.150500730959612,14.923015729787327,15.004910469055176,1352027,0.0,0.0,0.0
2025-05-29,15.159601433508882,15.159601433508882,15.004911552123161,15.086806297302246,1580010,0.0,0.0,0.0
2025-06-02,14.86841969396358,14.86841969396358,14.622735478167733,14.659133911132812,3641353,0.0,0.0,0.0
2025-06-03,14.822923525059595,14.832021397811976,14.704630352404743,14.741028785705566,2638084,0.0,0.0,0.0
2025-06-04,14.91391729042617,14.995812036112937,14.895719807941411,14.932116508483887,1522600,0.0,0.0,0.0
2025-06-05,14.95031427248186,15.041308618347424,14.95031427248186,14.968513488769531,2162116,0.0,0.0,0.0
2025-06-06,14.968515172597058,15.050409919531232,14.968515172597058,15.04131031036377,1737051,0.0,0.0,0.0
2025-06-09,15.141401963994351,15.177800399279395,15.077706437818444,15.105005264282227,1834407,0.0,0.0,0.0
2025-06-10,15.268794503801656,15.441681861877441,15.250595286454871,15.441681861877441,5129237,0.0,0.0,0.0
2025-06-11,15.559974420766517,15.596371118440935,15.50537850646848,15.578173637390137,4092644,0.0,0.0,0.0
2025-06-12,15.559975746919683,15.559975746919683,15.45078217344438,15.459881782531738,1676236,0.0,0.0,0.0
2025-06-13,15.323390931717444,15.377986850007156,15.250595795473515,15.268795013427734,2680488,0.0,0.0,0.0
2025-06-16,15.241495018494266,15.341588973999023,15.205096585375149,15.341588973999023,2191460,0.0,0.0,0.0
2025-06-17,15.468979801583954,15.52357571492328,15.387085063788568,15.414383888244629,2743341,0.0,0.0,0.0
2025-06-18,15.332489532918915,15.496279012595423,15.332489532918915,15.478079795837402,3496668,0.0,0.0,0.0
2025-06-19,15.468980878574877,15.478080487360435,15.305191391580653,15.314291000366211,1796740,0.0,0.0,0.0
2025-06-20,15.314290230629645,15.332489447286022,15.086805229143422,15.186899185180664,1803229,0.0,0.0,0.0
2025-06-23,14.995810881434368,15.186899185180664,14.923015750381689,15.186899185180664,1965678,0.0,0.0,0.0
2025-06-24,15.341589288035548,15.459880726948427,15.341589288035548,15.432581901550293,2617032,0.0,0.0,0.0
2025-06-25,15.614570515619747,15.614570515619747,15.54177538385634,15.587271690368652,3011237,0.0,0.0,0.0
2025-06-26,15.605470726752744,15.650968768311795,15.550874812454706,15.578173637390137,4433149,0.0,0.0,0.0
2025-06-27,15.596371751958634,15.650969404047226,15.578174270168663,15.62367057800293,4530385,0.0,0.0,0.0
2025-06-30,15.623669943376365,15.650968768311795,15.559974420766517,15.578173637390137,1649920,0.0,0.0,0.0
2025-07-01,15.63276884436379,15.741960668019342,15.514475677235405,15.55997371673584,6551176,0.0,0.0,0.0
2025-07-02,15.52357689676257,15.660067558288574,15.52357689676257,15.660067558288574,5136737,0.0,0.0,0.0
2025-07-03,15.796559116726273,15.92395016264412,15.796559116726273,15.869354248046875,7250331,0.0,0.0,0.0
2025-07-04,15.9421489914121,15.960348207692578,15.787459124173624,15.805658340454102,2515375,0.0,0.0,0.0
2025-07-07,15.778359846806108,15.778359846806108,15.61457036799376,15.632769584655762,2643396,0.0,0.0,0.0
2025-07-08,15.550874927296647,15.550874927296647,15.432581753942353,15.478079795837402,2478471,0.0,0.0,0.0
2025-07-09,15.478079322351313,15.832955360412598,15.478079322351313,15.832955360412598,4611116,0.0,0.0,0.0
2025-07-10,15.832956196817676,15.960348981383698,15.832956196817676,15.933050155639648,4405491,0.0,0.0,0.0
2025-07-11,15.933049339075893,16.042241165310294,15.933049339075893,16.014944076538086,2930085,0.0,0.0,0.0
2025-07-14,16.005844902326402,16.005844902326402,15.869354248046875,15.869354248046875,2601291,0.0,0.0,0.0
2025-07-15,15.851154746817972,16.024043831441105,15.851154746817972,15.969446182250977,4068662,0.0,0.0,0.0
2025-07-16,16.043165948555448,16.273538810260845,16.043165948555448,16.199819564819336,6774928,0.22,0.0,0.0
2025-07-17,16.319613154271014,16.3933341594624,16.227465412992785,16.384119033813477,6339880,0.0,0.0,0.0
2025-07-18,16.549986527244005,16.568416779103742,16.430193405366825,16.448623657226562,4061412,0.0,0.0,0.0
2025-07-21,16.430193672222117,16.46705417654027,16.393334925509546,16.420978546142578,3802958,0.0,0.0,0.0
2025-07-22,16.43940875193504,16.531558254864937,16.19060562130599,16.209035873413086,4501502,0.0,0.0,0.0
2025-07-23,16.328829458210013,16.43019409005715,16.301185836873977,16.393335342407227,4756271,0.0,0.0,0.0
2025-07-24,16.48548095234897,16.48548095234897,16.356472715896754,16.467052459716797,2673100,0.0,0.0,0.0
2025-07-25,16.448624342684923,16.45783946899881,16.365689963465563,16.393335342407227,1946050,0.0,0.0,0.0
2025-07-28,16.411762653154742,16.448623155750436,16.310399786227592,16.384119033813477,2611072,0.0,0.0,0.0
2025-07-29,16.39333534168335,16.39333534168335,16.19982120431151,16.227466583251953,3781493,0.0,0.0,0.0
2025-07-30,16.255110204586767,16.29197070984069,16.162962456663216,16.227466583251953,2088749,0.0,0.0,0.0
2025-07-31,16.181390270495783,16.29197002399684,16.13531639847358,16.28275489807129,3613504,0.0,0.0,0.0
2025-08-01,15.923371670131504,16.190603256225586,15.923371670131504,16.190603256225586,2577788,0.0,0.0,0.0
2025-08-04,16.006307187157095,16.070811307147288,15.951016434932257,16.033950805664062,2833327,0.0,0.0,0.0
2025-08-05,16.199818380933014,16.218248630347865,16.153744515001204,16.190603256225586,2476369,0.0,0.0,0.0
2025-08-06,16.061598053389776,16.089241675117982,15.978663672993859,15.987878799438477,1815743,0.0,0.0,0.0
2025-08-07,16.255109019619564,16.273539270902994,16.218250274658203,16.218250274658203,4181752,0.0,0.0,0.0
2025-08-08,16.245893893977847,16.28275439654471,16.199820023374773,16.218250274658203,2969450,0.0,0.0,0.0
2025-08-11,16.172175825371067,16.28275558352721,16.09845657246885,16.227466583251953,3551376,0.0,0.0,0.0
2025-08-12,16.273540229356797,16.338044355042367,16.25510997698789,16.301185607910156,4948325,0.0,0.0,0.0
2025-08-13,16.402547570368682,16.503912195166222,16.338043448263164,16.430192947387695,4727613,0.0,0.0,0.0
2025-08-14,16.48548290201379,16.540773659265504,16.457839280993543,16.51312828063965,3865827,0.0,0.0,0.0
2025-08-15,16.513127277687396,16.513127277687396,16.374903908164555,16.384119033813477,1790824,0.0,0.0,0.0
2025-08-18,16.310400774261396,16.384120026312964,16.310400774261396,16.347259521484375,3100310,0.0,0.0,0.0
2025-08-19,16.374904357815495,16.374904357815495,16.227465858595103,16.23668098449707,2446786,0.0,0.0,0.0
2025-08-20,16.08924093976245,16.144531695903115,15.822009315504875,15.83122444152832,3441424,0.0,0.0,0.0
2025-08-21,15.895728158608932,16.052381781780603,15.895728158608932,16.024736404418945,2232999,0.0,0.0,0.0
2025-08-22,16.024735360253015,16.024735360253015,15.904942248035896,15.932587623596191,1260082,0.0,0.0,0.0
2025-08-25,16.172175825371067,16.273540457213727,16.162962456663216,16.227466583251953,3327507,0.0,0.0,0.0
2025-08-26,16.199821736209934,16.347260246855306,16.162962987351435,16.338045120239258,2471250,0.0,0.0,0.0
2025-08-27,16.411763876973172,16.457839508653628,16.38412025557053,16.439409255981445,3426080,0.0,0.0,0.0
2025-08-28,16.40254752750582,16.45783828139936,16.356473656866708,16.384119033813477,4068355,0.0,0.0,0.0
2025-08-29,16.54998579850173,16.577631175074032,16.45783805847168,16.45783805847168,3618511,0.0,0.0,0.0
2025-09-01,16.43019389974309,16.522343404208954,16.245894890811368,16.347259521484375,3805348,0.0,0.0,0.0
2025-09-02,16.4854821260613,16.54998624887989,16.25510925450603,16.310400009155273,3111110,0.0,0.0,0.0
2025-09-03,16.328828777743826,16.513127781130088,16.328828777743826,16.448623657226562,4594213,0.0,0.0,0.0
2025-09-04,16.605276551646334,16.63292017061316,16.45783805847168,16.45783805847168,5208000,0.0,0.0,0.0
2025-09-05,16.632921636851034,16.7803601430228,16.614493141783786,16.771146774291992,9014934,0.0,0.0,0.0
2025-09-08,17.029160466323553,17.102879707223448,16.95544122542366,17.066020965576172,9646971,0.0,0.0,0.0
2025-09-09,17.08445366378443,17.213461914447656,17.04759315924888,17.17660140991211,7975052,0.0,0.0,0.0
2025-09-10,17.287180671524645,17.324039417400492,17.241105042172908,17.277965545654297,6168474,0.0,0.0,0.0
2025-09-11,17.397758657912387,17.41618890964371,17.112096786499023,17.112096786499023,5192560,0.0,0.0,0.0
2025-09-12,17.32403873496629,17.379329488010345,17.231890995103818,17.333253860473633,6284508,0.0,0.0,0.0
2025-09-15,17.462263107299805,17.508336975245133,17.33325311336317,17.462263107299805,7454667,0.0,0.0,0.0
2025-09-16,17.563625650213993,17.895363117749685,17.554410525270736,17.867717742919922,11357380,0.0,0.0,0.0
2025-09-17,17.923011363046186,17.959870111116963,17.76635772913267,17.784786224365234,5106823,0.0,0.0,0.0
2025-09-18,17.941439178562142,18.227102813915053,17.941439178562142,18.171812057495117,10457779,0.0,0.0,0.0
2025-09-19,18.337680080473554,18.337680080473554,18.144167713535314,18.181026458740234,5766551,0.0,0.0,0.0
2025-09-22,18.171811344645135,18.3653254693125,18.16259621893664,18.346895217895508,6215493,0.0,0.0,0.0
2025-09-23,18.503550032115225,18.503550032115225,18.273177147373946,18.356111526489258,6633433,0.0,0.0,0.0
2025-09-24,18.33768127295246,18.33768127295246,18.079664766922942,18.190242767333984,5557378,0.0,0.0,0.0
2025-09-25,18.15338302085028,18.217887143808348,18.042803268918213,18.061233520507812,3690768,0.0,0.0,0.0
2025-09-26,17.950654247455052,17.950654247455052,17.545199247300502,17.628131866455078,7130000,0.0,0.0,0.0
2025-09-30,17.886152033519455,17.959871292114258,17.812432774924655,17.959871292114258,3953025,0.0,0.0,0.0
2025-10-01,18.015158570415586,18.052019074983836,17.812431068107017,17.840076446533203,3532581,0.0,0.0,0.0
2025-10-02,18.15338260332313,18.16259597130049,18.03358772835154,18.088876724243164,6503901,0.0,0.0,0.0
2025-10-03,18.190242995263443,18.310037881083034,18.190242995263443,18.282392501831055,7310529,0.0,0.0,0.0
2025-10-07,18.475905372225252,18.76156902589751,18.475905372225252,18.678634643554688,10465059,0.0,0.0,0.0
2025-10-08,18.57727000788997,18.71549339259278,18.521981005529987,18.678634643554688,7635547,0.0,0.0,0.0
2025-10-09,18.93664996578485,18.964295344024798,18.83528709411621,18.83528709411621,6706650,0.0,0.0,0.0
2025-10-13,18.254746404239135,18.47590415673527,18.24553127818443,18.457475662231445,7058917,0.0,0.0,0.0
2025-10-14,18.761566054725517,18.862928916732226,18.181025470262956,18.217885971069336,5401132,0.0,0.0,0.0
2025-10-15,18.291606495998302,18.494333991813708,18.17181161759401,18.485118865966797,4204584,0.0,0.0,0.0
2025-10-16,18.715491356520353,19.019583472826397,18.715491356520353,19.01036834716797,10799105,0.0,0.0,0.0
2025-10-17,18.91822105310945,19.038014174290446,18.862930297851562,18.862930297851562,5290824,0.0,0.0,0.0
2025-10-20,19.021285724594645,19.086490631103516,18.890875911576902,19.086490631103516,5759361,0.22,0.0,0.0
2025-10-21,19.17964118742961,19.36594244250312,19.17964118742961,19.235530853271484,7810078,0.0,0.0,0.0
2025-10-22,19.086492039298335,19.133068245027086,18.993341404541418,19.067861557006836,2933007,0.0,0.0,0.0
2025-10-23,18.890878134380156,18.974713531670506,18.86293240971649,18.946767807006836,4223798,0.0,0.0,0.0
2025-10-27,19.449777234331275,19.496353439278998,19.347313136847383,19.431148529052734,8975436,0.0,0.0,0.0
2025-10-28,19.496353731095873,19.496353731095873,19.300737220788594,19.365943908691406,3374535,0.0,0.0,0.0
2025-10-29,19.49635381493954,19.73854475523265,19.49635381493954,19.67333984375,5905200,0.0,0.0,0.0
2025-10-30,19.766486751284365,19.841006896581654,19.580187276391356,19.74785804748535,4887115,0.0,0.0,0.0
2025-10-31,19.766488004300193,20.036624658564822,19.766488004300193,20.02730941772461,7248516,0.0,0.0,0.0
2025-11-03,20.027308917494384,20.15771873259903,19.980734491157147,20.008678436279297,4244729,0.0,0.0,0.0
2025-11-04,20.12977497751717,20.15771892290313,19.636077880859375,19.636077880859375,4532845,0.0,0.0,0.0
2025-11-05,19.188957553946015,19.53361258634731,19.058545957061252,19.50566864013672,6081676,0.0,0.0,0.0
2025-11-06,19.664023640923133,19.701282827076543,19.514983342908504,19.56155776977539,2151737,0.0,0.0,0.0
2025-11-07,19.44046305687411,19.44046305687411,19.216900834727454,19.32868194580078,2082350,0.0,0.0,0.0
2025-11-10,19.393887276753045,19.50566839026511,19.328682367496228,19.496353149414062,4076176,0.0,0.0,0.0
2025-11-11,19.70128345179372,19.78511884417289,19.337997935951034,19.35662841796875,3004872,0.0,0.0,0.0
2025-11-12,19.44046348100829,19.56155805867088,19.421832999306194,19.496353149414062,2701430,0.0,0.0,0.0
2025-11-13,19.524297056335673,19.6547086512898,19.41251771974702,19.570873260498047,2807583,0.0,0.0,0.0
2025-11-14,19.22621539731878,19.3193660238113,19.11443606688809,19.151695251464844,3341993,0.0,0.0,0.0
2025-11-17,19.347313006505665,19.365943488359243,19.17032698229776,19.198272705078125,3516561,0.0,0.0,0.0
2025-11-18,19.002655718078913,19.077175866906654,18.630054973940208,18.648685455322266,4864580,0.0,0.0,0.0
2025-11-19,18.611425019809424,18.658001224584048,18.350605379873702,18.369234085083008,4798348,0.0,0.0,0.0
2025-11-20,18.78841039955845,18.92813545568457,18.620739621526916,18.87224578857422,4021100,0.0,0.0,0.0
2025-11-21,18.257454576532066,18.266769817400004,18.08978379431026,18.210878372192383,3803300,0.0,0.0,0.0
2025-11-24,18.331975687523123,18.425126324383832,18.22019456795015,18.322660446166992,2369998,0.0,0.0,0.0
2025-11-25,18.7511495495226,18.816356234359805,18.564850065803494,18.648685455322266,2011047,0.0,0.0,0.0
2025-11-26,18.844298814993742,19.02128482190466,18.779093911579288,18.825668334960938,2174100,0.0,0.0,0.0
2025-11-27,19.16101199056111,19.226216901196086,19.086491838878203,19.20758819580078,3902011,0.0,0.0,0.0
2025-11-28,19.23553148903958,19.505668140154615,19.226216248307974,19.487037658691406,4135740,0.0,0.0,0.0
2025-12-01,19.46840653376315,19.51498273588175,19.235530853271484,19.235530853271484,2510210,0.0,0.0,0.0
2025-12-02,19.375256912745012,19.505668508751352,19.263477575254473,19.27279281616211,1668444,0.0,0.0,0.0
2025-12-03,19.459090752475834,19.487036472970242,19.282106519445747,19.291419982910156,2712910,0.0,0.0,0.0
2025-12-04,19.300736550620744,19.300736550620744,19.11443706461178,19.18895721435547,2814401,0.0,0.0,0.0
2025-12-05,19.226216324004582,19.337997436523438,19.226216324004582,19.337997436523438,2272497,0.0,0.0,0.0
2025-12-08,19.487037298455814,19.710597741780106,19.487037298455814,19.701282501220703,5685324,0.0,0.0,0.0
2025-12-09,19.785118391535732,19.79443363233148,19.691967760278775,19.719913482666016,2858326,0.0,0.0,0.0
2025-12-10,19.74786028038596,19.868954863923623,19.682653591265023,19.84100914001465,4139955,0.0,0.0,0.0
2025-12-11,19.91552685680283,19.952787817455413,19.58018709443158,19.589502334594727,4791349,0.0,0.0,0.0
2025-12-12,19.6919672606613,19.729228222898914,19.60813187232713,19.701282501220703,2758024,0.0,0.0,0.0
2025-12-15,19.30073717983783,19.49635368973007,19.29142193872862,19.44046401977539,1303778,0.0,0.0,0.0
2025-12-16,19.347312754648375,19.384571941169963,18.946766283513348,19.18895721435547,3022968,0.0,0.0,0.0
2025-12-17,19.282107978684643,19.552242857105746,19.282107978684643,19.421833038330078,1662500,0.0,0.0,0.0
2025-12-18,19.216902526938462,19.37525807849494,19.198273820702898,19.244848251342773,1166675,0.0,0.0,0.0
2025-12-19,19.42183307765458,19.431148318543205,19.30073672280296,19.347312927246094,2576200,0.0,0.0,0.0
2025-12-22,19.542927288348437,19.598818732629297,19.505668102195028,19.56155776977539,2284660,0.0,0.0,0.0
2025-12-23,19.654707272797136,19.654707272797136,19.487036502973304,19.514982223510742,1062038,0.0,0.0,0.0
2025-12-24,19.570872760241464,19.66402338948464,19.52429655726964,19.552242279052734,1483356,0.0,0.0,0.0
2025-12-26,19.701283499984754,19.79443413360063,19.64539383049545,19.738544464111328,3114510,0.0,0.0,0.0
2025-12-29,19.738542919061103,20.073882686448496,19.738542919061103,20.055253982543945,4980466,0.0,0.0,0.0
2025-12-30,20.036623835634018,20.16703364863986,19.980734169588718,20.14840316772461,4426324,0.0,0.0,0.0
2025-12-31,20.2136091278166,20.4371695607007,20.2136091278166,20.344018936157227,7268180,0.0,0.0,0.0
2026-01-02,20.632784606698454,20.90292124457069,20.53032051707486,20.73525047302246,22102874,0.0,0.0,0.0
2026-01-05,21.145112274954272,21.294152566751446,20.94949578153271,21.042646408081055,31490953,0.0,0.0,0.0
2026-01-06,21.135797321480467,21.527028536932875,21.107851600126562,21.508398056030273,17190140,0.0,0.0,0.0
2026-01-07,21.77853431314477,22.1511368481903,21.704014161475776,22.02072525024414,19679091,0.0,0.0,0.0
2026-01-08,22.104560138682857,22.169765047818125,21.76922035217285,21.76922035217285,47341648,0.0,0.0,0.0
2026-01-09,21.80647969767941,21.86236936638818,21.3779892764113,21.70401382446289,29738307,0.0,0.0,0.0
2026-01-12,22.095245123246798,22.309492111206055,22.011409731588948,22.309492111206055,25195659,0.0,0.0,0.0
2026-01-13,22.616886830921207,22.756611884506007,22.262914800025897,22.495790481567383,29445790,0.0,0.0,0.0
2026-01-14,22.635515926072642,22.821817185203475,22.588941499640175,22.73798179626465,28159290,0.0,0.0,0.0
2026-01-15,22.71935047907629,22.73798095964398,22.477159561797567,22.626201629638672,35937346,0.0,0.0,0.0
2026-01-16,22.86839209251193,23.296884286842978,22.793871942632684,23.287569046020508,39870205,0.0,0.0,0.0
2026-01-19,23.28756933288357,23.625911304589053,23.23923555570368,23.57757568359375,29682868,0.91,0.0,0.0
2026-01-20,23.24890171039913,23.674245972076495,23.15223415240401,23.645244598388672,20211614,0.0,0.0,0.0
2026-01-21,23.5872433466221,23.76124789854935,23.132899561779638,23.2489013671875,24434054,0.0,0.0,0.0
2026-01-22,23.780582291619368,23.857917443632132,23.490574088709888,23.567909240722656,17538683,0.0,0.0,0.0
2026-01-23,23.79024887790158,23.954586302687908,23.567908707556242,23.896583557128906,19337047,0.0,0.0,0.0
2026-01-26,24.215591778175355,24.62160178632297,24.099589972313442,24.611934661865234,23625584,0.0,0.0,0.0
2026-01-27,24.911610128242682,25.288618765130288,24.727938450147104,25.172616958618164,16672788,0.0,0.0,0.0
2026-01-28,25.501289636375436,25.51095676075977,25.259617058213436,25.336952209472656,20257111,0.0,0.0,0.0
2026-01-29,25.220949275931133,25.230616399882894,24.59260096958969,24.73760414123535,27093337,0.0,0.0,0.0
2026-01-30,24.476597907504182,24.49593215586705,23.896583363326062,24.16725730895996,19579844,0.0,0.0,0.0
2026-02-02,23.67424514026611,23.712913637157897,23.113564842043065,23.33590316772461,18417548,0.0,0.0,0.0
2026-02-03,23.973919387211307,23.99325363627923,23.364905292095575,23.780582427978516,8818164,0.0,0.0,0.0
2026-02-04,23.558243015515277,23.77091421406968,23.432572246148506,23.741912841796875,7082010,0.0,0.0,0.0
2026-02-05,23.29723596047608,23.490572908889867,23.103897168246917,23.210233688354492,12939258,0.0,0.0,0.0
2026-02-06,23.055564473550582,23.200567652616343,22.639887341430736,23.00722885131836,10737660,0.0,0.0,0.0
2026-02-09,23.76124660781842,23.838581755161236,23.529241165789973,23.722579956054688,13317222,0.0,0.0,0.0
2026-02-10,23.97391788786404,24.109255779059882,23.877250336201044,23.935251235961914,10566836,0.0,0.0,0.0
2026-02-11,23.93525212455443,24.031921523621623,23.877251222640286,24.002920150756836,11115830,0.0,0.0,0.0
2026-02-23,24.186592714637964,24.360597270598962,23.96425437927246,23.96425437927246,14610450,0.0,0.0,0.0
2026-02-24,24.186591718055258,24.872940945159474,24.186591718055258,24.834274291992188,20003067,0.0,0.0,0.0
2026-02-25,25.01794378242856,25.01794378242856,24.766605930706202,24.892274856567383,15786043,0.0,0.0,0.0
2026-02-26,24.901943139982297,25.25961752980308,24.737605710011387,25.14361572265625,12925466,0.0,0.0,0.0
2026-03-02,24.331595693303345,24.85360751300787,24.331595693303345,24.689271926879883,9084588,0.0,0.0,0.0
2026-03-03,24.611933456515306,24.747271348480083,23.88691575203141,23.90625,16179049,0.0,0.0,0.0
2026-03-04,23.480908026450265,23.480908026450265,22.794556961844624,22.910560607910156,18600662,0.0,0.0,0.0
2026-03-05,23.693579264838778,24.00291986309416,23.50990759319387,23.712913513183594,7974300,0.0,0.0,0.0
2026-03-06,23.442238955298237,23.83858181693413,23.442238955298237,23.587242126464844,7239582,0.0,0.0,0.0
2026-03-09,22.50455154822827,22.50455154822827,21.924536981412217,22.388547897338867,14279438,0.0,0.0,0.0
2026-03-10,23.200566691077853,23.326235616042425,22.765555328093992,23.07489776611328,14951770,0.0,0.0,0.0
2026-03-11,23.538909584561427,24.109257019020298,23.538909584561427,24.051254272460938,6255430,0.0,0.0,0.0
2026-03-12,23.87725052462459,24.041587945090026,23.57757521189531,23.66457748413086,5000960,0.0,0.0,0.0
2026-03-13,23.393905855257827,23.70324645436613,23.23923555570368,23.57757568359375,3378395,0.0,0.0,0.0
2026-03-16,23.915916902504055,23.944918274188367,23.567907817553703,23.722579956054688,5059294,0.0,0.0,0.0
2026-03-17,24.109256063212552,24.263926360274727,24.060920442996007,24.11892318725586,4297123,0.0,0.0,0.0
2026-03-18,24.60226911317132,24.85360697107219,24.553933491409275,24.77627182006836,10228273,0.0,0.0,0.0
2026-03-19,24.45726325571396,24.59260114820619,24.331594331059083,24.360595703125,8560806,0.0,0.0,0.0
2026-03-20,24.457263319218765,24.55393271587411,23.9739181797574,24.225257873535156,5769510,0.0,0.0,0.0
2026-03-23,23.403570919943007,23.635578210951355,23.345570019098616,23.393905639648438,11354108,0.0,0.0,0.0
2026-03-24,23.79024877948835,23.82891543255231,22.997563031615304,23.229568481445312,10051841,0.0,0.0,0.0
2026-03-25,23.828914851941,23.925584247968594,23.732245455913407,23.90625,7255920,0.0,0.0,0.0
2026-03-26,24.051253989004813,24.138256264003036,23.74191338626244,23.761247634887695,4109251,0.0,0.0,0.0
2026-03-27,23.26823461897575,23.67424460813652,23.248900370964435,23.66457748413086,6959900,0.0,0.0,0.0
2026-03-30,23.200567994168104,23.393906798312365,23.065231937556412,23.297237396240234,8150004,0.0,0.0,0.0
2026-03-31,23.007227804169673,23.161898100642233,22.591552534784288,22.62055206298828,11708596,0.0,0.0,0.0
2026-04-01,23.48090791282272,23.558243061887037,23.37457139142851,23.393905639648438,28168313,0.0,0.0,0.0
2026-04-02,23.761247608517632,23.790248981423332,22.939560481010457,22.958894729614258,38858490,0.0,0.0,0.0
2026-04-07,23.345570291947556,23.451906814584564,23.219901364680073,23.33590316772461,18341406,0.0,0.0,0.0
2026-04-08,24.283262049924915,24.66993781553516,24.23492642683895,24.66027069091797,25969313,0.0,0.0,0.0
2026-04-09,24.660269129064176,24.718270029278365,24.52493308062595,24.708602905273438,20148578,0.0,0.0,0.0
2026-04-10,25.03727804715141,25.33695151964501,25.03727804715141,25.240283966064453,18063522,0.0,0.0,0.0
2026-04-13,25.259616861440488,25.655961582848843,25.259616861440488,25.60762596130371,25536733,0.0,0.0,0.0
2026-04-14,26.090970648204955,26.119972020614433,25.8879665727848,26.04263687133789,39962950,0.0,0.0,0.0
2026-04-15,26.35197775739612,26.71931925953379,26.2553083587866,26.332643508911133,46615368,0.0,0.0,0.0
2026-04-16,26.680653031029433,26.87398998751021,26.59365075527768,26.835323333740234,38903539,0.0,0.0,0.0
2026-04-17,26.941658659555593,27.279998779296875,26.92232441162313,27.279998779296875,74147076,0.0,0.0,0.0
2026-04-20,27.5,27.700000762939453,27.3700008392334,27.43000030517578,34766868,0.94,0.0,0.0
2026-04-21,27.739999771118164,28.260000228881836,27.649999618530273,28.209999084472656,46173421,0.0,0.0,0.0
2026-04-22,28.350000381469727,29.190000534057617,28.34000015258789,29.139999389648438,32047502,0.0,0.0,0.0
2026-04-23,29.700000762939453,29.790000915527344,27.610000610351562,28.139999389648438,53438375,0.0,0.0,0.0
2026-04-24,28.84000015258789,29.290000915527344,28.600000381469727,29.190000534057617,29726105,0.0,0.0,0.0
2026-04-27,30.1299991607666,30.1299991607666,29.229999542236328,29.420000076293945,26834217,0.0,0.0,0.0
2026-04-28,29.399999618530273,30.1299991607666,29.299999237060547,29.84000015258789,17462450,0.0,0.0,0.0
2026-04-29,29.440000534057617,29.68000030517578,29.09000015258789,29.489999771118164,11775956,0.0,0.0,0.0
2026-04-30,30.020000457763672,30.170000076293945,29.65999984741211,29.829999923706055,15527135,0.0,0.0,0.0
2026-05-04,30.899999618530273,31.649999618530273,30.84000015258789,31.639999389648438,24593888,0.0,0.0,0.0
2026-05-05,32.11000061035156,32.70000076293945,32.099998474121094,32.540000915527344,18587006,0.0,0.0,0.0
2026-05-06,33.869998931884766,34.02000045776367,32.790000915527344,33.630001068115234,36374221,0.0,0.0,0.0
2026-05-07,34.0,34.790000915527344,33.970001220703125,34.779998779296875,24815359,0.0,0.0,0.0
2026-05-08,34.75,35.29999923706055,33.779998779296875,34.72999954223633,34326232,0.0,0.0,0.0
2026-05-11,34.869998931884766,35.95000076293945,34.599998474121094,35.849998474121094,21963735,0.0,0.0,0.0
2026-05-12,36.11000061035156,36.20000076293945,35.380001068115234,35.869998931884766,23296820,0.0,0.0,0.0
2026-05-13,35.02000045776367,35.29999923706055,34.29999923706055,34.95000076293945,28911559,0.0,0.0,0.0
2026-05-14,35.56999969482422,35.77000045776367,35.220001220703125,35.540000915527344,18150657,0.0,0.0,0.0
2026-05-15,36.099998474121094,36.18000030517578,34.84000015258789,35.02000045776367,21928631,0.0,0.0,0.0
2026-05-18,34.15999984741211,35.20000076293945,33.70000076293945,34.900001525878906,20037065,0.0,0.0,0.0
2026-05-19,34.790000915527344,35.04999923706055,33.650001525878906,33.650001525878906,18606298,0.0,0.0,0.0
2026-05-20,33.90999984741211,34.25,33.45000076293945,33.630001068115234,12169643,0.0,0.0,0.0
2026-05-21,34.880001068115234,35.52000045776367,34.880001068115234,35.459999084472656,12600078,0.0,0.0,0.0
2026-05-22,36.06999969482422,36.529998779296875,35.93000030517578,36.529998779296875,19370362,0.0,0.0,0.0
2026-05-25,37.68000030517578,39.0,37.68000030517578,39.0,29039832,0.0,0.0,0.0
2026-05-26,39.779998779296875,39.779998779296875,39.04999923706055,39.459999084472656,21358191,0.0,0.0,0.0
2026-05-27,41.150001525878906,41.56999969482422,40.5,40.86000061035156,30405215,0.0,0.0,0.0
2026-05-28,40.970001220703125,41.70000076293945,39.65999984741211,40.099998474121094,39619832,0.0,0.0,0.0
2026-05-29,41.16999816894531,41.16999816894531,40.54999923706055,41.029998779296875,18827756,0.0,0.0,0.0
2026-06-01,41.459999084472656,41.959999084472656,41.0,41.2599983215332,22929486,0.0,0.0,0.0
2026-06-02,41.560001373291016,41.869998931884766,39.880001068115234,40.83000183105469,25871860,0.0,0.0,0.0
2026-06-03,41.25,41.54999923706055,40.709999084472656,40.790000915527344,18836359,0.0,0.0,0.0
2026-06-04,40.68000030517578,40.68000030517578,39.9900016784668,40.04999923706055,17054806,0.0,0.0,0.0
2026-06-05,39.459999084472656,39.630001068115234,38.27000045776367,39.130001068115234,19178172,0.0,0.0,0.0
2026-06-08,35.7599983215332,37.0,35.70000076293945,36.900001525878906,25145897,0.0,0.0,0.0
2026-06-09,37.40999984741211,38.5,36.95000076293945,38.459999084472656,14000992,0.0,0.0,0.0
2026-06-10,37.84000015258789,38.470001220703125,36.709999084472656,36.7400016784668,19836601,0.0,0.0,0.0
2026-06-11,36.7599983215332,37.31999969482422,35.7599983215332,37.09000015258789,12958440,0.0,0.0,0.0
2026-06-12,38.779998779296875,39.11000061035156,38.47999954223633,38.4900016784668,11870243,0.0,0.0,0.0
2026-06-15,39.650001525878906,39.849998474121094,39.470001220703125,39.61000061035156,10411562,0.0,0.0,0.0
2026-06-16,40.04999923706055,40.099998474121094,39.599998474121094,39.90999984741211,8894671,0.0,0.0,0.0
2026-06-17,39.45000076293945,40.130001068115234,39.400001525878906,40.119998931884766,7924587,0.0,0.0,0.0
2026-06-18,40.560001373291016,41.2599983215332,40.47999954223633,41.25,14899527,0.0,0.0,0.0
2026-06-22,42.79999923706055,43.54999923706055,42.79999923706055,43.529998779296875,23952425,0.0,0.0,0.0
2026-06-23,44.380001068115234,44.59000015258789,42.70000076293945,42.70000076293945,35422513,0.0,0.0,0.0
2026-06-24,41.79999923706055,42.47999954223633,41.349998474121094,42.150001525878906,27174430,0.0,0.0,0.0
2026-06-25,43.0099983215332,43.18000030517578,41.68000030517578,42.36000061035156,16709255,0.0,0.0,0.0
2026-06-26,41.630001068115234,41.81999969482422,39.689998626708984,39.810001373291016,38673426,0.0,0.0,0.0
2026-06-29,39.869998931884766,40.689998626708984,39.630001068115234,40.150001525878906,17213692,0.0,0.0,0.0
2026-06-30,41.13999938964844,42.0,40.9900016784668,41.75,20451297,0.0,0.0,0.0
2026-07-01,42.86000061035156,42.91999816894531,42.29999923706055,42.47999954223633,66405745,0.0,0.0,0.0
2026-07-02,41.43000030517578,42.83000183105469,41.310001373291016,42.83000183105469,78646392,0.0,0.0,0.0
2026-07-03,42.0,42.650001525878906,41.81999969482422,42.52000045776367,70092088,0.0,0.0,0.0
2026-07-06,43.400001525878906,43.54999923706055,42.43000030517578,42.599998474121094,65559548,0.0,0.0,0.0
2026-07-07,42.90999984741211,42.91999816894531,40.95000076293945,41.15999984741211,92187001,0.0,0.0,0.0
2026-07-08,41.349998474121094,41.459999084472656,40.310001373291016,41.15999984741211,47218631,0.0,0.0,0.0
2026-07-09,41.45000076293945,42.18000030517578,41.22999954223633,41.61000061035156,29423072,0.0,0.0,0.0
2026-07-10,41.61000061035156,41.61000061035156,41.61000061035156,41.61000061035156,0,0.0,0.0,0.0
2026-07-13,42.36000061035156,42.36000061035156,40.779998779296875,41.029998779296875,73886592,0.0,0.0,0.0
2026-07-14,40.95000076293945,41.25,38.63999938964844,40.0,106643955,0.0,0.0,0.0
2026-07-15,40.779998779296875,41.400001525878906,40.5099983215332,41.290000915527344,56591855,0.0,0.0,0.0
